Id,Predicted
1,0.0010898646108679119
2,0.0010814565738797946
3,0.0010898646108679119
4,1.0
5,0.0010814629815042876
6,0.0010898646108679119
7,0.0010814565713544787
8,1.0
9,0.0010814565713523298
10,1.0
11,0.21827876616645467
12,0.7803959667663275
13,0.0010814565713544787
14,0.0010898646108679119
15,1.0
16,0.0010898646108679119
17,0.21827876616645467
18,1.0
19,1.0
20,1.0
21,1.0
22,0.0010814565713544787
23,0.17503514586423916
24,0.0010898646108679119
25,0.0010814565738797946
26,0.26728423719865463
27,1.0
28,1.0
29,0.0010814629815042876
30,0.0010898646108679119
31,0.21827876616645467
32,0.0010898646108679119
33,0.13659594778100084
34,0.5345798326333611
35,0.0010814629815042876
36,0.3328741502620434
37,0.0010898646108679119
38,0.0010814629815042876
39,0.17214068502242874
40,0.0010814565738797946
41,0.0010814629815042876
42,0.2592646783560528
43,0.21827876616645467
44,1.0
45,0.0010814629815042876
46,1.0
47,0.0010898646108679119
48,1.0
49,1.0
50,1.0
51,0.6406320900357046
52,0.0010814565738797946
53,0.0010814565738797946
54,0.0010814565738797946
55,0.0010814629815042876
56,1.0
57,0.14242472610379905
58,1.0
59,1.0
60,0.0010898646108679119
61,0.6575400725842934
62,0.0010898646108679119
63,0.0010814565738797946
64,0.0010814565713523274
65,0.0010814565738797946
66,0.0010898646108679119
67,0.0010898646108679119
68,0.0010898646108679119
69,0.0010814629815042876
70,0.2458313715654173
71,0.0010814629815042876
72,0.2626754104817812
73,0.0010814629815042876
74,1.0
75,0.0010814629815042876
76,1.0
77,0.0010814565738797946
78,1.0
79,0.0010814565738797946
80,1.0
81,0.0010814565713544787
82,1.0
83,1.0
84,0.0010898646108679119
85,0.0010898646108679119
86,1.0
87,0.21827876616645467
88,0.0010814629815042876
89,0.0010814565713544787
90,1.0
91,0.0010814629815042876
92,0.0010898646108679119
93,0.0010814629815042876
94,1.0
95,0.0010814629815042876
96,1.0
97,0.0010814629815042876
98,0.13878326360886484
99,0.0010814565713523298
100,0.0010814565713544787
101,0.0010898646108679119
102,0.4696375089921755
103,0.33862324231904195
104,0.0010898646108679119
105,0.0010898646108679119
106,1.0
107,0.0010814565738797946
108,0.21827876616645467
109,0.0010814565713544787
110,0.0010814565738797946
111,0.0010898646108679119
112,0.0010898646108679119
113,0.0010898646108679119
114,0.0010814565738797946
115,0.19851907349792974
116,0.0010898646108679119
117,0.6256564038924184
118,1.0
119,0.13585613437868446
120,0.2395468102731741
121,0.0010814629815042876
122,0.13976994216767408
123,0.0010814629815042876
124,1.0
125,0.0010814629815042876
126,0.0010814565713544787
127,0.0010814629815042876
128,0.0010898646108679119
129,0.0010814629815042876
130,0.0010814565713544787
131,0.1475134009151035
132,0.0010814629815042876
133,1.0
134,0.0010898646108679119
135,0.21827876616645467
136,1.0
137,1.0
138,1.0
139,0.0010814565738797946
140,0.0010898646108679119
141,0.0010814629815042876
142,0.0010814629815042876
143,0.0010814629815042876
144,0.34692019250509176
145,1.0
146,1.0
147,0.0010898646108679119
148,1.0
149,0.0010814565738797946
150,0.0010814565738797946
151,0.44208543506399467
152,0.0010814629815042876
153,0.0010898646108679119
154,0.0010898646108679119
155,1.0
156,0.0010898646108679119
157,0.21827876616645467
158,1.0
159,0.21827876616645467
160,1.0
161,0.5529004143542907
162,0.21048394360550413
163,0.0010814629815042876
164,0.0010814629815042876
165,0.7815500500089889
166,0.13053324182701334
167,0.0010814629815042876
168,0.21827876616645467
169,0.21827876616645467
170,1.0
171,0.0010814565738797946
172,0.0010814629815042876
173,0.0010814565713544787
174,0.0010898646108679119
175,1.0
176,0.21827876616645467
177,0.21827876616645467
178,1.0
179,0.0010814629815042876
180,0.5676443495091007
181,0.0010814565713544787
182,0.0010814629815042876
183,0.0010814565713544787
184,0.0010898646108679119
185,1.0
186,0.6958789800576779
187,0.0010814565713544787
188,0.0010814565738797946
189,0.0010814629815042876
190,0.0010814629815042876
191,0.13218614626754774
192,0.0010814629815042876
193,0.0010814629815042876
194,0.0010814629815042876
195,1.0
196,1.0
197,1.0
198,1.0
199,0.21827876616645467
200,1.0
201,1.0
202,1.0
203,0.0010814629815042876
204,0.0010814565713544787
205,1.0
206,0.14219932596449034
207,0.0010814565713544787
208,0.16845752614673562
209,0.0010814565738797946
210,0.3629608650550864
211,0.0010814565713544787
212,1.0
213,0.0010814565738797946
214,0.5928586036345231
215,0.0010814629815042876
216,0.2128816831386441
217,0.12330476003085836
218,0.0010898646108679119
219,0.1404577251055157
220,1.0
221,0.0010898646108679119
222,0.21827876616645467
223,0.477287114536897
224,0.21827876616645467
225,0.0010814629815042876
226,0.0010814629815042876
227,0.1329803114178567
228,0.1427348212601761
229,0.0010814629815042876
230,0.13177796495379693
231,1.0
232,1.0
233,1.0
234,0.0010814565738797946
235,0.18677815213403684
236,1.0
237,0.0010814565713544787
238,1.0
239,0.21827876616645467
240,0.21827876616645467
241,0.0010814565738797946
242,1.0
243,0.1641470537431514
244,1.0
245,1.0
246,0.21827876616645467
247,0.0010814629815042876
248,0.0010814565713523298
249,0.0010814629815042876
250,1.0
251,1.0
252,0.0010898646108679119
253,1.0
254,0.0010898646108679119
255,0.0010898646108679119
256,1.0
257,1.0
258,0.21827876616645467
259,0.21827876616645467
260,1.0
261,1.0
262,0.21827876616645467
263,0.0010898646108679119
264,0.0010898646108679119
265,1.0
266,0.7666676704916209
267,1.0
268,0.0010814629815042876
269,1.0
270,0.21827876616645467
271,0.0010814629815042876
272,1.0
273,0.16835262546539326
274,0.16179859065221308
275,0.0010898646108679119
276,1.0
277,0.7188595251084573
278,0.0010814565738797946
279,1.0
280,0.0010898646108679119
281,0.0010898646108679119
282,1.0
283,0.0010814565738797946
284,1.0
285,0.0010814565738797946
286,0.0010898646108679119
287,0.0010898646108679119
288,0.3022017812248475
289,1.0
290,0.21827876616645467
291,0.0010814629815042876
292,0.0010898646108679119
293,0.0010814565738797946
294,1.0
295,1.0
296,0.21827876616645467
297,1.0
298,0.7121040740078196
299,1.0
300,1.0
301,1.0
302,1.0
303,0.22926794107468595
304,0.0010898646108679119
305,1.0
306,1.0
307,0.0010814629815042876
308,0.0010898646108679119
309,1.0
310,0.21827876616645467
311,0.21827876616645467
312,1.0
313,0.21827876616645467
314,0.0010898646108679119
315,0.0010814629815042876
316,1.0
317,0.21827876616645467
318,0.0010814629815042876
319,0.0010814565713523298
320,0.0010898646108679119
321,0.0010814629815042876
322,0.0010814629815042876
323,0.21827876616645467
324,0.0010814629815042876
325,0.0010814629815042876
326,0.0010814629815042876
327,0.14824567564481314
328,0.0010898646108679119
329,0.0010814629815042876
330,0.0010814565738797946
331,0.0010898646108679119
332,0.0010814629815042876
333,0.0010814629815042876
334,1.0
335,0.0010898646108679119
336,1.0
337,0.273978221501464
338,0.0010814565738797946
339,0.0010814629815042876
340,0.13299848307150555
341,0.21827876616645467
342,1.0
343,0.0010898646108679119
344,0.0010814629815042876
345,0.0010898646108679119
346,0.4492586879811165
347,0.21827876616645467
348,0.30337867963933185
349,0.0010814629815042876
350,0.3743096532478177
351,0.21827876616645467
352,0.0010814629815042876
353,0.21827876616645467
354,0.21827876616645467
355,0.0010814629815042876
356,1.0
357,0.0010898646108679119
358,0.0010898646108679119
359,0.0010814565738797946
360,0.0010814629815042876
361,0.0010814629815042876
362,1.0
363,1.0
364,0.21827876616645467
365,0.0010898646108679119
366,0.21827876616645467
367,0.0010814629815042876
368,0.0010898646108679119
369,0.0010814629815042876
370,1.0
371,0.21827876616645467
372,0.0010814629815042876
373,0.0010898646108679119
374,0.0010814565713544787
375,0.0010814565713544787
376,0.0010814629815042876
377,1.0
378,0.0010814565738797946
379,0.0010898646108679119
380,0.0010814629815042876
381,1.0
382,0.0010814565738797946
383,0.0010898646108679119
384,1.0
385,0.0010898646108679119
386,0.0010898646108679119
387,1.0
388,0.0010898646108679119
389,1.0
390,1.0
391,0.0010898646108679119
392,0.5345407119980354
393,0.0010814565738797946
394,1.0
395,1.0
396,0.450333650512966
397,0.0010898646108679119
398,1.0
399,0.1815660076198838
400,0.0010814565738797946
401,0.21827876616645467
402,0.21827876616645467
403,0.0010898646108679119
404,0.0010898646108679119
405,1.0
406,0.0010898646108679119
407,0.0010814565738797946
408,0.21827876616645467
409,1.0
410,0.0010898646108679119
411,1.0
412,0.0010898646108679119
413,0.0010814565738797946
414,1.0
415,0.0010814565738797946
416,1.0
417,1.0
418,0.0010898646108679119
419,0.0010814629815042876
420,0.12685821897070965
421,0.0010814629815042876
422,0.0010898646108679119
423,0.21827876616645467
424,0.0010814629815042876
425,1.0
426,1.0
427,0.0010814629815042876
428,0.0010898646108679119
429,0.21827876616645467
430,0.0010898646108679119
431,0.0010814565738797946
432,0.4660655339219497
433,0.0010898646108679119
434,0.3482179176470933
435,1.0
436,0.29694978725418303
437,0.22474227305261815
438,0.0010898646108679119
439,1.0
440,0.0010898646108679119
441,1.0
442,0.0010814629815042876
443,0.2414867358091773
444,0.0010898646108679119
445,0.0010898646108679119
446,0.0010814629815042876
447,1.0
448,0.0010814629815042876
449,0.21827876616645467
450,0.0010814629815042876
451,0.0010814629815042876
452,0.0010898646108679119
453,0.15172621147719614
454,0.0010814565738797946
455,0.0010898646108679119
456,0.0010814629815042876
457,0.2995866000215735
458,1.0
459,0.0010898646108679119
460,0.30686433616493736
461,1.0
462,1.0
463,1.0
464,0.0010814629815042876
465,1.0
466,0.0010814629815042876
467,0.21827876616645467
468,0.21827876616645467
469,0.21827876616645467
470,0.0010814565713544787
471,0.0010814565713544787
472,0.0010814565713523274
473,0.21827876616645467
474,1.0
475,0.0010814629815042876
476,0.0010814629815042876
477,1.0
478,0.0010898646108679119
479,0.0010814565738797946
480,0.0010898646108679119
481,1.0
482,0.41432474794549895
483,1.0
484,0.21827876616645467
485,0.0010814565713544787
486,0.0010898646108679119
487,1.0
488,0.0010898646108679119
489,0.0010898646108679119
490,0.0010814629815042876
491,1.0
492,1.0
493,1.0
494,1.0
495,0.21827876616645467
496,0.21827876616645467
497,1.0
498,0.0010898646108679119
499,0.0010814629815042876
500,0.0010814565738797946
501,1.0
502,0.0010898646108679119
503,0.21827876616645467
504,1.0
505,0.0010814629815042876
506,1.0
507,0.1693898006745326
508,0.0010898646108679119
509,0.3732724074068961
510,1.0
511,0.0010898646108679119
512,0.0010898646108679119
513,0.0010814565738797946
514,0.5991057722233546
515,1.0
516,0.2135497770854172
517,0.25658479827681924
518,0.0010898646108679119
519,0.0010898646108679119
520,0.25009897260028524
521,0.0010898646108679119
522,0.0010898646108679119
523,1.0
524,0.0010814565738797946
525,0.0010814565738797946
526,0.0010814565738797946
527,0.0010814565738797946
528,0.21827876616645467
529,0.0010814565713523298
530,0.0010814565713523298
531,0.0010814629815042876
532,0.0010898646108679119
533,0.0010814565738797946
534,0.0010814565738797946
535,1.0
536,1.0
537,1.0
538,0.0010814565738797946
539,0.0010814629815042876
540,0.13260554694765933
541,0.3007176769651443
542,0.0010814565713544787
543,0.0010898646108679119
544,0.0010814565738797946
545,0.0010898646108679119
546,0.6358965911312032
547,1.0
548,0.19514471480430806
549,1.0
550,0.19737039898704345
551,0.0010814565738797946
552,0.0010814629815042876
553,0.0010898646108679119
554,0.0010814629815042876
555,0.0010898646108679119
556,1.0
557,1.0
558,1.0
559,0.0010898646108679119
560,1.0
561,0.0010814565738797946
562,0.0010814629815042876
563,1.0
564,1.0
565,0.0010898646108679119
566,1.0
567,0.23826476449698916
568,0.13112398209542156
569,1.0
570,0.21827876616645467
571,1.0
572,0.0010898646108679119
573,0.3954726523550954
574,1.0
575,0.0010814629815042876
576,0.0010814565738797946
577,0.0010814565738797946
578,0.0010814565738797946
579,0.0010814565738797946
580,0.0010898646108679119
581,1.0
582,0.0010814629815042876
583,1.0
584,0.21827876616645467
585,1.0
586,1.0
587,0.0010814565738797946
588,0.21827876616645467
589,0.0010814565713544787
590,0.0010814629815042876
591,0.0010814565738797946
592,0.0010898646108679119
593,0.0010898646108679119
594,0.21827876616645467
595,0.21827876616645467
596,0.0010898646108679119
597,0.0010814565713544787
598,0.0010814629815042876
599,0.0010898646108679119
600,0.1581097557115924
601,0.0010898646108679119
602,0.21827876616645467
603,0.5334639118769683
604,0.0010898646108679119
605,0.0010814565738797946
606,0.0010814629815042876
607,0.0010814629815042876
608,0.0010814629815042876
609,0.0010814629815042876
610,1.0
611,1.0
612,0.0010814565713544787
613,0.0010814565713523298
614,0.21827876616645467
615,0.0010814629815042876
616,0.0010898646108679119
617,0.0010814629815042876
618,0.12139041950385307
619,0.21827876616645467
620,1.0
621,1.0
622,1.0
623,1.0
624,0.0010814629815042876
625,0.21827876616645467
626,0.0010814565713523298
627,0.0010814629815042876
628,0.0010898646108679119
629,1.0
630,1.0
631,0.1386153903517903
632,0.0010898646108679119
633,1.0
634,0.0010814565738797946
635,0.3444903429683281
636,0.21827876616645467
637,0.21827876616645467
638,0.3874467758940151
639,0.21214838993531127
640,0.0010898646108679119
641,0.21827876616645467
642,0.0010814629815042876
643,0.0010814629815042876
644,1.0
645,1.0
646,0.0010814565738797946
647,0.21827876616645467
648,1.0
649,0.0010814565713544787
650,0.0010814565713544787
651,0.0010814565738797946
652,1.0
653,0.0010814629815042876
654,0.21827876616645467
655,0.0010814565738797946
656,0.0010814629815042876
657,0.21827876616645467
658,0.0010814629815042876
659,1.0
660,0.0010898646108679119
661,0.0010814629815042876
662,0.0010898646108679119
663,0.0010814629815042876
664,0.0010814629815042876
665,0.0010814629815042876
666,0.0010898646108679119
667,0.0010814629815042876
668,0.0010814629815042876
669,1.0
670,1.0
671,0.0010814629815042876
672,0.21827876616645467
673,0.18247950895390952
674,0.21827876616645467
675,0.0010814629815042876
676,0.0010898646108679119
677,0.0010898646108679119
678,0.0010814629815042876
679,0.0010814565738797946
680,0.0010814565713544787
681,0.2043951323450256
682,0.0010814565738797946
683,0.0010814565738797946
684,0.33402825271728104
685,1.0
686,0.11926592456074114
687,0.0010814565738797946
688,0.6879627773290824
689,0.0010814629815042876
690,0.0010898646108679119
691,0.21827876616645467
692,0.0010898646108679119
693,0.1578345292775045
694,0.0010814629815042876
695,0.0010898646108679119
696,0.0010898646108679119
697,0.0010898646108679119
698,0.0010814629815042876
699,0.2546280807302714
700,0.0010814565738797946
701,0.0010814629815042876
702,0.21139036621887855
703,1.0
704,0.0010814629815042876
705,0.0010814629815042876
706,0.21827876616645467
707,0.21827876616645467
708,0.0010898646108679119
709,0.0010898646108679119
710,0.0010898646108679119
711,0.0010814629815042876
712,0.0010898646108679119
713,1.0
714,0.21827876616645467
715,0.21827876616645467
716,0.21827876616645467
717,0.0010898646108679119
718,0.0010898646108679119
719,0.0010814629815042876
720,0.0010814565738797946
721,0.21827876616645467
722,0.0010898646108679119
723,1.0
724,1.0
725,1.0
726,0.0010898646108679119
727,1.0
728,0.0010814565738797946
729,0.0010814629815042876
730,0.0010814629815042876
731,0.0010898646108679119
732,0.0010898646108679119
733,0.0010814565738797946
734,0.0010814629815042876
735,0.0010814629815042876
736,0.0010814629815042876
737,0.0010814629815042876
738,0.0010898646108679119
739,0.0010814565713544787
740,0.0010814565738797946
741,0.0010898646108679119
742,1.0
743,0.0010814629815042876
744,0.0010814565738797946
745,0.0010814629815042876
746,0.0010814565713523298
747,0.0010898646108679119
748,1.0
749,0.4146389798971444
750,0.21827876616645467
751,0.0010814629815042876
752,1.0
753,0.40251283355411743
754,0.0010898646108679119
755,0.0010898646108679119
756,1.0
757,1.0
758,0.0010814629815042876
759,0.0010898646108679119
760,0.7608435893127216
761,1.0
762,0.5787786539924082
763,1.0
764,0.0010898646108679119
765,0.0010898646108679119
766,0.0010898646108679119
767,1.0
768,1.0
769,1.0
770,0.0010898646108679119
771,1.0
772,0.2295964159083077
773,0.0010814565738797946
774,0.0010898646108679119
775,1.0
776,0.0010814629815042876
777,1.0
778,0.0010898646108679119
779,1.0
780,0.0010814629815042876
781,0.0010814629815042876
782,0.0010814629815042876
783,0.0010898646108679119
784,1.0
785,1.0
786,1.0
787,0.0010898646108679119
788,0.0010814565738797946
789,0.0010898646108679119
790,0.21827876616645467
791,0.0010814629815042876
792,0.0010814629815042876
793,1.0
794,0.5039107997818735
795,1.0
796,0.0010814629815042876
797,0.0010814565738797946
798,1.0
799,1.0
800,0.0010814565713544787
801,0.0010814565713544787
802,0.0010814629815042876
803,1.0
804,0.0010898646108679119
805,1.0
806,0.6589292135669969
807,1.0
808,0.0010898646108679119
809,1.0
810,0.0010898646108679119
811,0.0010814565738797946
812,0.4682630953195946
813,0.2179725498679895
814,0.0010814565738797946
815,1.0
816,1.0
817,0.0010898646108679119
818,1.0
819,0.0010898646108679119
820,0.0010814629815042876
821,0.3111937092678572
822,0.21213333815451899
823,1.0
824,0.0010898646108679119
825,1.0
826,0.0010898646108679119
827,0.0010814629815042876
828,0.0010898646108679119
829,0.3104453986122117
830,0.0010814565713544787
831,0.0010814565713544787
832,0.0010898646108679119
833,1.0
834,0.23372156934493535
835,0.0010814629815042876
836,0.0010814565738797946
837,0.0010898646108679119
838,0.0010814565713544787
839,0.21827876616645467
840,1.0
841,0.0010898646108679119
842,0.25453558681660005
843,0.0010898646108679119
844,0.0010814565738797946
845,0.0010814565738797946
846,0.0010898646108679119
847,1.0
848,0.21827876616645467
849,0.14138437114921815
850,0.0010814565738797946
851,0.12275651033439232
852,0.0010814629815042876
853,0.0010814565738797946
854,0.0010898646108679119
855,0.0010814565738797946
856,0.0010898646108679119
857,0.12029245312920968
858,0.0010814565738797946
859,0.0010814565738797946
860,1.0
861,0.0010814629815042876
862,0.0010898646108679119
863,0.0010814629815042876
864,0.21827876616645467
865,0.0010898646108679119
866,1.0
867,0.0010814629815042876
868,0.43061448308985306
869,1.0
870,1.0
871,0.0010814629815042876
872,1.0
873,0.7631764674985508
874,1.0
875,0.0010814565738797946
876,0.0010898646108679119
877,0.0010898646108679119
878,1.0
879,0.0010814629815042876
880,0.21827876616645467
881,0.7635130817155062
882,0.0010814629815042876
883,1.0
884,0.0010898646108679119
885,0.0010898646108679119
886,1.0
887,0.0010814629815042876
888,0.0010814629815042876
889,0.0010814629815042876
890,0.0010898646108679119
891,0.0010814629815042876
892,0.0010898646108679119
893,0.0010814565713544787
894,1.0
895,0.0010814629815042876
896,0.0010898646108679119
897,0.5744743101559343
898,0.0010898646108679119
899,0.0010814565738797946
900,0.21827876616645467
901,0.21827876616645467
902,0.0010814629815042876
903,0.0010814629815042876
904,0.0010898646108679119
905,0.21827876616645467
906,1.0
907,1.0
908,1.0
909,0.0010898646108679119
910,0.6263430639110796
911,0.21827876616645467
912,0.0010814629815042876
913,0.21827876616645467
914,0.21827876616645467
915,0.21827876616645467
916,0.0010814565713544787
917,0.0010814629815042876
918,1.0
919,0.1917843868843941
920,1.0
921,0.0010898646108679119
922,0.21827876616645467
923,0.0010898646108679119
924,0.0010898646108679119
925,0.20614473743137085
926,1.0
927,0.1326719248617848
928,1.0
929,0.21827876616645467
930,0.0010898646108679119
931,0.0010898646108679119
932,1.0
933,0.0010814565738797946
934,0.0010814565738797946
935,0.1254276701796259
936,0.0010814629815042876
937,1.0
938,0.0010814565738797946
939,1.0
940,0.0010814565738797946
941,0.0010814565713544787
942,0.0010814565738797946
943,0.0010898646108679119
944,0.21827876616645467
945,1.0
946,0.0010898646108679119
947,0.2552360416889323
948,0.0010814629815042876
949,0.0010898646108679119
950,0.0010814629815042876
951,0.0010814629815042876
952,0.13123816183380926
953,0.0010898646108679119
954,1.0
955,0.0010898646108679119
956,0.0010814629815042876
957,0.2595171254264236
958,0.0010814565738797946
959,0.0010898646108679119
960,1.0
961,0.18849367008510373
962,1.0
963,0.0010814565738797946
964,0.0010814629815042876
965,0.2675090970445923
966,1.0
967,1.0
968,0.0010898646108679119
969,0.0010814565738797946
970,1.0
971,0.21827876616645467
972,0.21827876616645467
973,1.0
974,0.21827876616645467
975,0.0010814629815042876
976,1.0
977,0.0010814565738797946
978,0.21827876616645467
979,0.21827876616645467
980,0.0010814565738797946
981,0.21827876616645467
982,0.0010898646108679119
983,0.0010898646108679119
984,0.0010814629815042876
985,0.0010898646108679119
986,0.0010814629815042876
987,1.0
988,0.0010898646108679119
989,0.0010898646108679119
990,1.0
991,0.5143914097944402
992,0.21827876616645467
993,0.13205586705664255
994,1.0
995,0.0010898646108679119
996,1.0
997,1.0
998,0.1381971410446471
999,0.0010814565738797946
1000,0.0010814629815042876
1001,1.0
1002,1.0
1003,0.0010898646108679119
1004,0.0010898646108679119
1005,1.0
1006,0.32939536919687185
1007,0.21827876616645467
1008,0.0010814565738797946
1009,0.21827876616645467
1010,0.0010814629815042876
1011,0.0010814629815042876
1012,1.0
1013,1.0
1014,0.21827876616645467
1015,0.0010814565713544787
1016,0.0010898646108679119
1017,0.21827876616645467
1018,1.0
1019,1.0
1020,0.0010814629815042876
1021,0.0010814629815042876
1022,0.0010814629815042876
1023,0.0010898646108679119
1024,0.0010814629815042876
1025,1.0
1026,0.0010814565738797946
1027,1.0
1028,0.0010898646108679119
1029,0.21827876616645467
1030,0.0010814565738797946
1031,0.0010898646108679119
1032,0.0010898646108679119
1033,1.0
1034,0.0010814565713544787
1035,0.21827876616645467
1036,1.0
1037,0.0010814565738797946
1038,0.0010814629815042876
1039,1.0
1040,1.0
1041,0.16943408412768002
1042,0.1364331258114607
1043,1.0
1044,0.0010814629815042876
1045,0.14379092551574246
1046,0.0010898646108679119
1047,0.0010898646108679119
1048,1.0
1049,0.0010814565738797946
1050,1.0
1051,1.0
1052,1.0
1053,1.0
1054,0.0010814629815042876
1055,1.0
1056,0.21827876616645467
1057,0.0010814629815042876
1058,0.21827876616645467
1059,0.0010898646108679119
1060,0.0010814565713544787
1061,1.0
1062,1.0
1063,0.0010814565738797946
1064,0.21827876616645467
1065,0.0010814565738797946
1066,1.0
1067,0.21827876616645467
1068,0.0010898646108679119
1069,0.18939714889004952
1070,1.0
1071,0.21827876616645467
1072,0.21827876616645467
1073,0.21827876616645467
1074,1.0
1075,0.0010814629815042876
1076,0.0010814629815042876
1077,0.0010898646108679119
1078,0.0010898646108679119
1079,0.0010898646108679119
1080,1.0
1081,1.0
1082,0.0010814565738797946
1083,0.0010814565738797946
1084,0.0010814629815042876
1085,0.0010814629815042876
1086,1.0
1087,0.21827876616645467
1088,0.0010898646108679119
1089,0.21827876616645467
1090,0.0010814629815042876
1091,0.0010898646108679119
1092,0.17506054018662906
1093,0.19304702452049632
1094,1.0
1095,0.0010814629815042876
1096,0.0010898646108679119
1097,0.0010898646108679119
1098,0.6516075845991932
1099,1.0
1100,0.12828697040387402
1101,0.0010898646108679119
1102,0.0010814629815042876
1103,0.0010814565713523298
1104,0.0010898646108679119
1105,1.0
1106,1.0
1107,0.184759028333958
1108,0.0010814629815042876
1109,0.0010814629815042876
1110,0.0010814565738797946
1111,0.12268251062435387
1112,1.0
1113,0.0010814629815042876
1114,0.0010814565738797946
1115,1.0
1116,0.0010814629815042876
1117,0.0010898646108679119
1118,0.21827876616645467
1119,0.0010898646108679119
1120,0.21827876616645467
1121,0.0010898646108679119
1122,0.0010898646108679119
1123,0.0010814565738797946
1124,0.0010814565738797946
1125,0.23240966883850206
1126,0.17197441230247826
1127,0.0010898646108679119
1128,0.21827876616645467
1129,0.7121040740078196
1130,0.0010814629815042876
1131,1.0
1132,1.0
1133,0.0010898646108679119
1134,0.0010814629815042876
1135,0.21827876616645467
1136,1.0
1137,0.0010814629815042876
1138,0.0010814629815042876
1139,0.0010898646108679119
1140,0.565306870281904
1141,0.0010814565738797946
1142,0.0010814629815042876
1143,0.21827876616645467
1144,0.0010814565713544787
1145,1.0
1146,0.2253325855727805
1147,0.0010814565738797946
1148,1.0
1149,0.0010814629815042876
1150,1.0
1151,0.0010814629815042876
1152,0.0010898646108679119
1153,0.0010898646108679119
1154,1.0
1155,1.0
1156,1.0
1157,0.0010898646108679119
1158,0.0010814565713523298
1159,1.0
1160,0.0010814565738797946
1161,0.0010814565713544787
1162,0.0010814629815042876
1163,0.0010898646108679119
1164,0.0010814629815042876
1165,0.21827876616645467
1166,1.0
1167,1.0
1168,0.2141028790152155
1169,0.0010814629815042876
1170,0.1426445897536986
1171,0.0010898646108679119
1172,0.0010898646108679119
1173,0.0010898646108679119
1174,0.0010814629815042876
1175,0.3740368445837956
1176,0.22467014587434733
1177,1.0
1178,0.0010814565738797946
1179,1.0
1180,0.0010814629815042876
1181,1.0
1182,0.22915570672009736
1183,0.0010898646108679119
1184,0.21827876616645467
1185,1.0
1186,0.21827876616645467
1187,0.21827876616645467
1188,0.21827876616645467
1189,0.285752328557956
1190,0.1566850696816047
1191,0.0010898646108679119
1192,0.0010898646108679119
1193,0.0010898646108679119
1194,1.0
1195,0.3444903429683281
1196,0.5347948976793324
1197,0.6142348569281768
1198,0.0010814629815042876
1199,1.0
1200,0.0010814629815042876
1201,0.16335192836435353
1202,1.0
1203,0.21827876616645467
1204,1.0
1205,0.0010898646108679119
1206,1.0
1207,1.0
1208,0.0010898646108679119
1209,0.13096500349748322
1210,0.21827876616645467
1211,0.21827876616645467
1212,0.0010814565738797946
1213,1.0
1214,0.0010814565738797946
1215,0.0010814629815042876
1216,0.0010814565713544787
1217,0.0010814565713544787
1218,0.0010814629815042876
1219,0.0010814565738797946
1220,0.0010814629815042876
1221,0.0010814629815042876
1222,0.0010814629815042876
1223,0.0010814629815042876
1224,0.0010898646108679119
1225,0.0010898646108679119
1226,0.0010898646108679119
1227,0.1626972118660681
1228,1.0
1229,0.0010814565738797946
1230,0.21827876616645467
1231,0.21827876616645467
1232,0.0010898646108679119
1233,0.0010814629815042876
1234,0.0010814629815042876
1235,1.0
1236,0.0010814629815042876
1237,0.0010814629815042876
1238,0.0010814629815042876
1239,0.6061118491550765
1240,1.0
1241,0.2141028790152155
1242,0.0010814565738797946
1243,0.36135060600723296
1244,0.7511366062925988
1245,0.4013987148440553
1246,0.21827876616645467
1247,0.0010814565713544787
1248,0.3297691147977123
1249,0.0010814629815042876
1250,0.4230148612012742
1251,0.0010898646108679119
1252,0.0010898646108679119
1253,0.0010814565738797946
1254,0.0010898646108679119
1255,1.0
1256,1.0
1257,0.0010814629815042876
1258,0.21827876616645467
1259,1.0
1260,1.0
1261,0.491438406936611
1262,0.0010898646108679119
1263,0.0010898646108679119
1264,0.0010814629815042876
1265,1.0
1266,0.7190500802507402
1267,0.5867260342993448
1268,0.0010814565738797946
1269,0.0010898646108679119
1270,1.0
1271,1.0
1272,1.0
1273,0.0010898646108679119
1274,1.0
1275,0.0010814629815042876
1276,0.0010814629815042876
1277,0.6718891580070316
1278,1.0
1279,0.0010814629815042876
1280,0.0010898646108679119
1281,1.0
1282,1.0
1283,0.0010814565738797946
1284,0.0010814629815042876
1285,1.0
1286,0.0010898646108679119
1287,1.0
1288,0.0010814629815042876
1289,0.0010814629815042876
1290,1.0
1291,0.0010814629815042876
1292,1.0
1293,0.7731041867525233
1294,0.0010814629815042876
1295,0.0010898646108679119
1296,0.0010898646108679119
1297,0.0010814565713544787
1298,0.0010814629815042876
1299,1.0
1300,0.0010898646108679119
1301,1.0
1302,0.0010898646108679119
1303,0.0010814565738797946
1304,0.0010814629815042876
1305,1.0
1306,0.0010814565713523298
1307,0.0010898646108679119
1308,0.21827876616645467
1309,0.21827876616645467
1310,0.21827876616645467
1311,0.5423101674705727
1312,0.0010814629815042876
1313,0.0010898646108679119
1314,0.21827876616645467
1315,0.0010814629815042876
1316,1.0
1317,1.0
1318,0.0010898646108679119
1319,0.0010814629815042876
1320,0.0010814629815042876
1321,0.16325480278793886
1322,1.0
1323,0.21827876616645467
1324,0.0010814629815042876
1325,0.0010814629815042876
1326,0.0010898646108679119
1327,0.0010898646108679119
1328,0.0010814629815042876
1329,0.0010814565713544787
1330,0.0010814629815042876
1331,0.0010814629815042876
1332,1.0
1333,0.0010898646108679119
1334,0.21827876616645467
1335,0.21827876616645467
1336,0.0010898646108679119
1337,0.0010814629815042876
1338,0.0010898646108679119
1339,0.0010898646108679119
1340,0.0010814629815042876
1341,0.0010814629815042876
1342,0.21827876616645467
1343,0.0010814629815042876
1344,0.0010814629815042876
1345,1.0
1346,0.0010814565738797946
1347,0.0010814565738797946
1348,0.0010814629815042876
1349,0.0010814565738797946
1350,0.0010814565738797946
1351,0.0010814565738797946
1352,0.0010814629815042876
1353,0.0010814565738797946
1354,0.0010814565738797946
1355,0.0010814565713544787
1356,0.0010898646108679119
1357,0.0010814629815042876
1358,0.0010898646108679119
1359,0.0010898646108679119
1360,0.0010898646108679119
1361,1.0
1362,1.0
1363,0.0010814565738797946
1364,0.21827876616645467
1365,0.21827876616645467
1366,0.0010898646108679119
1367,1.0
1368,0.21827876616645467
1369,0.0010814565713523298
1370,0.21827876616645467
1371,0.16588892492288293
1372,0.0010814629815042876
1373,0.0010898646108679119
1374,0.0010814565738797946
1375,0.7246990279018677
1376,0.0010814565738797946
1377,0.0010814629815042876
1378,1.0
1379,1.0
1380,0.21827876616645467
1381,0.21827876616645467
1382,0.21827876616645467
1383,0.0010898646108679119
1384,1.0
1385,1.0
1386,1.0
1387,1.0
1388,0.0010898646108679119
1389,0.0010814629815042876
1390,0.21827876616645467
1391,0.7420182041764241
1392,0.21827876616645467
1393,0.0010814565738797946
1394,0.0010814565738797946
1395,0.0010814565713544787
1396,0.1282441748940091
1397,0.0010814629815042876
1398,0.0010898646108679119
1399,0.0010814565713523274
1400,0.0010814565738797946
1401,0.0010814565738797946
1402,0.0010814629815042876
1403,0.0010814565738797946
1404,1.0
1405,0.0010814629815042876
1406,0.0010814629815042876
1407,0.0010898646108679119
1408,0.0010814629815042876
1409,0.0010814629815042876
1410,0.0010814629815042876
1411,0.21827876616645467
1412,1.0
1413,0.0010898646108679119
1414,1.0
1415,0.0010814629815042876
1416,1.0
1417,0.21827876616645467
1418,0.4492325064735936
1419,0.7443134183805922
1420,0.0010814629815042876
1421,0.4304848839280804
1422,1.0
1423,0.0010814565738797946
1424,0.21827876616645467
1425,0.0010814629815042876
1426,0.0010898646108679119
1427,0.0010814565713544787
1428,0.0010814565738797946
1429,0.0010814629815042876
1430,0.0010814629815042876
1431,0.0010898646108679119
1432,0.15291040992136348
1433,0.0010898646108679119
1434,1.0
1435,0.0010814565713544787
1436,0.0010814565738797946
1437,0.0010814565713523298
1438,1.0
1439,0.0010814629815042876
1440,1.0
1441,0.0010814565738797946
1442,1.0
1443,0.0010814565738797946
1444,1.0
1445,1.0
1446,0.0010814629815042876
1447,0.21827876616645467
1448,1.0
1449,0.0010814565738797946
1450,0.21827876616645467
1451,0.21827876616645467
1452,1.0
1453,1.0
1454,0.0010814629815042876
1455,0.0010898646108679119
1456,0.0010898646108679119
1457,0.0010814565738797946
1458,0.21827876616645467
1459,0.0010898646108679119
1460,0.4522696821920893
1461,0.0010898646108679119
1462,0.5228400881000753
1463,0.0010814629815042876
1464,0.0010814629815042876
1465,0.0010898646108679119
1466,1.0
1467,0.0010814629815042876
1468,0.0010898646108679119
1469,0.0010814629815042876
1470,0.0010898646108679119
1471,0.21827876616645467
1472,0.3300830348159187
1473,0.0010814629815042876
1474,1.0
1475,0.21827876616645467
1476,0.21827876616645467
1477,0.0010814565713544787
1478,0.21827876616645467
1479,0.0010814629815042876
1480,1.0
1481,0.0010898646108679119
1482,0.0010898646108679119
1483,1.0
1484,0.23394618248013085
1485,0.0010814629815042876
1486,1.0
1487,1.0
1488,1.0
1489,0.0010814629815042876
1490,0.3482475692003085
1491,0.0010814629815042876
1492,0.0010898646108679119
1493,0.0010898646108679119
1494,0.0010814629815042876
1495,0.0010898646108679119
1496,0.0010814629815042876
1497,1.0
1498,1.0
1499,1.0
1500,1.0
1501,0.0010814629815042876
1502,0.0010814629815042876
1503,0.0010898646108679119
1504,0.0010814629815042876
1505,1.0
1506,0.21827876616645467
1507,1.0
1508,0.0010814629815042876
1509,0.689479218789842
1510,0.7444232876460538
1511,1.0
1512,0.0010898646108679119
1513,0.0010814629815042876
1514,1.0
1515,0.0010898646108679119
1516,0.21827876616645467
1517,0.0010898646108679119
1518,0.5255015426574591
1519,0.0010814629815042876
1520,0.0010898646108679119
1521,0.21827876616645467
1522,1.0
1523,0.4261275912980523
1524,0.0010814565738797946
1525,0.0010814565713544787
1526,0.21827876616645467
1527,0.21827876616645467
1528,0.0010814565738797946
1529,0.1201596248725289
1530,1.0
1531,0.21827876616645467
1532,0.4914399885461549
1533,0.0010898646108679119
1534,1.0
1535,0.5676443495091007
1536,1.0
1537,0.0010898646108679119
1538,1.0
1539,0.0010898646108679119
1540,0.0010898646108679119
1541,0.0010898646108679119
1542,0.0010814629815042876
1543,0.16584359843659996
1544,0.34253607709089023
1545,0.21827876616645467
1546,0.0010898646108679119
1547,0.0010814565713544787
1548,0.0010814629815042876
1549,0.0010898646108679119
1550,0.0010814629815042876
1551,0.5126391926953732
1552,0.0010814629815042876
1553,0.6879955892580303
1554,0.21827876616645467
1555,0.0010814629815042876
1556,0.1448529205871585
1557,1.0
1558,0.0010814565738797946
1559,0.0010814629815042876
1560,1.0
1561,0.0010814565713544787
1562,0.0010898646108679119
1563,0.0010898646108679119
1564,0.21827876616645467
1565,0.0010814629815042876
1566,0.12633219754152508
1567,0.0010898646108679119
1568,1.0
1569,1.0
1570,1.0
1571,0.3363619519180783
1572,0.21827876616645467
1573,0.0010814565713523298
1574,0.0010814629815042876
1575,0.21794774023096367
1576,0.21827876616645467
1577,0.0010898646108679119
1578,0.0010898646108679119
1579,0.0010898646108679119
1580,1.0
1581,0.371388970251304
1582,1.0
1583,0.0010814565738797946
1584,0.0010814629815042876
1585,0.2341644418140784
1586,0.0010814565738797946
1587,0.0010898646108679119
1588,0.0010814565738797946
1589,0.7731041867525233
1590,0.36363948507339394
1591,1.0
1592,0.0010814629815042876
1593,0.0010814565738797946
1594,0.0010814629815042876
1595,0.3360207949952286
1596,0.0010814565738797946
1597,0.0010898646108679119
1598,0.0010898646108679119
1599,0.2912471713377978
1600,0.1615447284379842
1601,0.0010814565738797946
1602,0.0010814565738797946
1603,1.0
1604,0.1729874515604277
1605,0.0010898646108679119
1606,0.0010898646108679119
1607,1.0
1608,0.0010814565738797946
1609,1.0
1610,0.0010898646108679119
1611,1.0
1612,0.21827876616645467
1613,0.0010814565713544787
1614,0.0010814629815042876
1615,0.0010814629815042876
1616,0.0010814565713544787
1617,0.21827876616645467
1618,1.0
1619,0.0010814565738797946
1620,1.0
1621,1.0
1622,1.0
1623,0.0010814565738797946
1624,0.0010814629815042876
1625,0.0010814629815042876
1626,0.0010814629815042876
1627,0.21827876616645467
1628,0.21640712379014101
1629,0.0010814629815042876
1630,1.0
1631,0.21827876616645467
1632,0.0010898646108679119
1633,1.0
1634,0.0010814629815042876
1635,0.22845799141051135
1636,0.29409078198863337
1637,0.0010814629815042876
1638,0.21827876616645467
1639,0.0010814629815042876
1640,1.0
1641,0.0010814565738797946
1642,1.0
1643,0.0010814629815042876
1644,0.4537808557204186
1645,0.0010814629815042876
1646,0.0010814565738797946
1647,1.0
1648,0.21827876616645467
1649,1.0
1650,0.0010814565713544787
1651,0.0010814629815042876
1652,0.0010814629815042876
1653,0.0010814565738797946
1654,0.0010814629815042876
1655,0.0010814629815042876
1656,0.21649399728566415
1657,0.0010898646108679119
1658,0.0010814565713523298
1659,0.0010898646108679119
1660,1.0
1661,0.0010814565738797946
1662,0.1397637382012421
1663,0.0010814629815042876
1664,0.0010898646108679119
1665,0.21827876616645467
1666,0.0010898646108679119
1667,0.0010898646108679119
1668,1.0
1669,0.0010814565738797946
1670,0.21827876616645467
1671,1.0
1672,1.0
1673,0.5555246547834708
1674,0.1495529166419259
1675,0.0010898646108679119
1676,0.4472140163499857
1677,0.0010898646108679119
1678,0.16772412840460765
1679,0.0010814565738797946
1680,0.0010814565713544787
1681,0.0010898646108679119
1682,1.0
1683,0.0010814629815042876
1684,0.0010898646108679119
1685,0.3736908977402321
1686,0.0010898646108679119
1687,0.0010814565738797946
1688,0.0010814629815042876
1689,0.0010814565738797946
1690,1.0
1691,0.0010814629815042876
1692,0.0010814565738797946
1693,0.0010814565738797946
1694,0.0010814565713544787
1695,0.21827876616645467
1696,1.0
1697,1.0
1698,1.0
1699,0.0010898646108679119
1700,1.0
1701,0.30102535013923193
1702,0.15421722017100992
1703,1.0
1704,0.0010814565713544787
1705,0.0010898646108679119
1706,0.0010814629815042876
1707,1.0
1708,0.0010898646108679119
1709,0.0010814629815042876
1710,1.0
1711,0.21827876616645467
1712,1.0
1713,1.0
1714,1.0
1715,0.0010814629815042876
1716,0.0010898646108679119
1717,1.0
1718,1.0
1719,1.0
1720,0.0010814629815042876
1721,0.0010814629815042876
1722,0.0010898646108679119
1723,1.0
1724,0.21827876616645467
1725,1.0
1726,1.0
1727,0.0010814629815042876
1728,0.0010814565738797946
1729,0.0010898646108679119
1730,0.0010814565738797946
1731,0.2181888491762102
1732,0.0010814565738797946
1733,0.21827876616645467
1734,0.0010814629815042876
1735,0.12050331503290425
1736,0.0010898646108679119
1737,0.0010814629815042876
1738,0.0010814565738797946
1739,0.0010898646108679119
1740,0.21827876616645467
1741,0.0010814629815042876
1742,0.0010814629815042876
1743,0.0010814629815042876
1744,1.0
1745,0.0010814629815042876
1746,0.21827876616645467
1747,0.21827876616645467
1748,0.0010814565738797946
1749,0.0010814565713523298
1750,0.0010898646108679119
1751,0.0010814565738797946
1752,0.0010898646108679119
1753,0.0010814565738797946
1754,1.0
1755,0.0010814565738797946
1756,0.0010814565713544787
1757,0.0010814629815042876
1758,0.0010814565738797946
1759,0.0010814629815042876
1760,0.0010814629815042876
1761,0.0010898646108679119
1762,0.0010814629815042876
1763,1.0
1764,0.21827876616645467
1765,0.0010814565713544787
1766,0.0010814629815042876
1767,0.16218295569878358
1768,0.0010814629815042876
1769,0.0010814629815042876
1770,1.0
1771,1.0
1772,1.0
1773,0.0010814629815042876
1774,0.21827876616645467
1775,0.32643256931801995
1776,0.21827876616645467
1777,0.22341636765740436
1778,0.0010898646108679119
1779,0.0010814629815042876
1780,0.17630023671248615
1781,1.0
1782,0.21827876616645467
1783,0.0010814629815042876
1784,0.0010814629815042876
1785,0.21827876616645467
1786,0.0010814565738797946
1787,0.0010814565738797946
1788,0.2778080248708936
1789,0.2560893819680499
1790,0.3238993849648029
1791,0.3101101859483885
1792,1.0
1793,0.21827876616645467
1794,0.0010898646108679119
1795,0.34098666442792325
1796,1.0
1797,0.0010898646108679119
1798,0.0010814629815042876
1799,0.0010814629815042876
1800,0.0010898646108679119
1801,0.21827876616645467
1802,0.0010814565738797946
1803,1.0
1804,1.0
1805,1.0
1806,1.0
1807,1.0
1808,0.0010814565738797946
1809,0.0010814629815042876
1810,0.0010898646108679119
1811,0.0010814629815042876
1812,0.0010898646108679119
1813,0.0010814565738797946
1814,1.0
1815,0.0010814565713544787
1816,0.0010814565713544787
1817,1.0
1818,1.0
1819,0.0010898646108679119
1820,1.0
1821,0.0010898646108679119
1822,0.0010898646108679119
1823,0.0010898646108679119
1824,0.0010898646108679119
1825,1.0
1826,0.16601680850440553
1827,1.0
1828,0.21827876616645467
1829,1.0
1830,1.0
1831,0.1216024720275488
1832,0.21827876616645467
1833,1.0
1834,1.0
1835,0.21827876616645467
1836,0.0010814629815042876
1837,0.0010898646108679119
1838,1.0
1839,0.0010898646108679119
1840,0.21827876616645467
1841,0.0010814629815042876
1842,0.0010898646108679119
1843,1.0
1844,0.0010898646108679119
1845,0.0010814629815042876
1846,0.0010898646108679119
1847,0.0010814565738797946
1848,0.0010814629815042876
1849,0.0010898646108679119
1850,0.21581765469413094
1851,0.0010898646108679119
1852,0.0010814565713544787
1853,0.21827876616645467
1854,0.0010814629815042876
1855,0.0010814565738797946
1856,1.0
1857,0.0010814629815042876
1858,1.0
1859,0.6910451537652511
1860,1.0
1861,0.0010814629815042876
1862,0.21827876616645467
1863,0.0010814565738797946
1864,0.21827876616645467
1865,0.0010814629815042876
1866,0.21827876616645467
1867,0.21827876616645467
1868,0.21827876616645467
1869,0.0010814629815042876
1870,1.0
1871,0.0010814565738797946
1872,0.1386117576725782
1873,0.0010814565738797946
1874,0.4386120949010129
1875,1.0
1876,1.0
1877,0.0010814629815042876
1878,0.0010898646108679119
1879,0.0010898646108679119
1880,1.0
1881,1.0
1882,0.0010814629815042876
1883,0.21827876616645467
1884,0.0010898646108679119
1885,0.0010898646108679119
1886,0.0010814629815042876
1887,0.3490581585948997
1888,0.21827876616645467
1889,0.1664501467318817
1890,0.0010814565738797946
1891,0.0010898646108679119
1892,0.0010814565713544787
1893,1.0
1894,0.0010814629815042876
1895,1.0
1896,0.0010814629815042876
1897,0.0010814629815042876
1898,0.4620455655479101
1899,1.0
1900,0.0010814565738797946
1901,0.0010898646108679119
1902,0.0010898646108679119
1903,1.0
1904,0.0010898646108679119
1905,1.0
1906,0.0010814565738797946
1907,0.0010814629815042876
1908,0.0010898646108679119
1909,0.0010814629815042876
1910,0.12672520505354515
1911,0.0010898646108679119
1912,1.0
1913,0.21827876616645467
1914,0.0010814629815042876
1915,1.0
1916,0.0010898646108679119
1917,1.0
1918,0.0010814565713544787
1919,1.0
1920,0.0010898646108679119
1921,0.0010814629815042876
1922,0.21827876616645467
1923,0.0010814629815042876
1924,0.21827876616645467
1925,0.0010814565738797946
1926,1.0
1927,0.13416446207705804
1928,0.21827876616645467
1929,0.21827876616645467
1930,0.21827876616645467
1931,0.0010898646108679119
1932,1.0
1933,0.0010898646108679119
1934,0.0010814629815042876
1935,0.0010814565738797946
1936,0.0010814629815042876
1937,0.2459230097677405
1938,1.0
1939,0.0010814565738797946
1940,0.0010814629815042876
1941,1.0
1942,0.0010814629815042876
1943,1.0
1944,0.0010814565738797946
1945,1.0
1946,1.0
1947,1.0
1948,0.0010898646108679119
1949,0.3968220911854952
1950,1.0
1951,0.0010898646108679119
1952,0.21827876616645467
1953,1.0
1954,1.0
1955,0.21827876616645467
1956,0.0010898646108679119
1957,1.0
1958,0.0010898646108679119
1959,0.0010814629815042876
1960,0.0010814629815042876
1961,0.0010814565713544787
1962,1.0
1963,0.0010814565738797946
1964,0.21827876616645467
1965,1.0
1966,0.0010898646108679119
1967,0.0010814565713523298
1968,0.0010814565738797946
1969,0.0010814629815042876
1970,0.0010898646108679119
1971,0.0010814565738797946
1972,0.0010898646108679119
1973,0.0010814629815042876
1974,0.13827790729683098
1975,0.21827876616645467
1976,0.0010814629815042876
1977,0.0010898646108679119
1978,0.0010898646108679119
1979,0.0010814629815042876
1980,0.0010814629815042876
1981,1.0
1982,0.21827876616645467
1983,1.0
1984,0.0010898646108679119
1985,0.21827876616645467
1986,1.0
1987,0.0010814565738797946
1988,0.5621414232735323
1989,1.0
1990,1.0
1991,0.0010814565738797946
1992,0.0010814629815042876
1993,0.21827876616645467
1994,0.21827876616645467
1995,0.0010814565738797946
1996,0.0010814565738797946
1997,0.21827876616645467
1998,0.0010898646108679119
1999,1.0
2000,0.0010814565738797946
